impl,dataset,transport,width,height,pixels,scope,metric,value
cpp,table_1280x720,inproc,1280,720,921600,total,p50_ns,180651535.0
cpp,table_1280x720,inproc,1280,720,921600,total,p90_ns,187927532.0
cpp,table_1280x720,inproc,1280,720,921600,total,p95_ns,191201747.0
cpp,table_1280x720,inproc,1280,720,921600,total,p99_ns,207231380.0
cpp,table_1280x720,inproc,1280,720,921600,total,p99.9_ns,238997260.0
cpp,table_1280x720,inproc,1280,720,921600,total,max_ns,248653448.0
cpp,table_1280x720,inproc,1280,720,921600,total,mean_ns,181004668.6875
cpp,table_1280x720,inproc,1280,720,921600,total,samples,2000
cpp,table_1280x720,inproc,1280,720,921600,stage:decode,p50_ns,25.0
cpp,table_1280x720,inproc,1280,720,921600,stage:decode,p90_ns,28.0
cpp,table_1280x720,inproc,1280,720,921600,stage:decode,p95_ns,29.0
cpp,table_1280x720,inproc,1280,720,921600,stage:decode,p99_ns,75.0
cpp,table_1280x720,inproc,1280,720,921600,stage:decode,p99.9_ns,166.0
cpp,table_1280x720,inproc,1280,720,921600,stage:decode,max_ns,191.0
cpp,table_1280x720,inproc,1280,720,921600,stage:decode,mean_ns,26.968
cpp,table_1280x720,inproc,1280,720,921600,stage:deproject,p50_ns,2593830.0
cpp,table_1280x720,inproc,1280,720,921600,stage:deproject,p90_ns,2680580.0
cpp,table_1280x720,inproc,1280,720,921600,stage:deproject,p95_ns,2736465.0
cpp,table_1280x720,inproc,1280,720,921600,stage:deproject,p99_ns,3455118.0
cpp,table_1280x720,inproc,1280,720,921600,stage:deproject,p99.9_ns,4627514.0
cpp,table_1280x720,inproc,1280,720,921600,stage:deproject,max_ns,5181811.0
cpp,table_1280x720,inproc,1280,720,921600,stage:deproject,mean_ns,2620314.9745
cpp,table_1280x720,inproc,1280,720,921600,stage:transform_crop,p50_ns,4467621.0
cpp,table_1280x720,inproc,1280,720,921600,stage:transform_crop,p90_ns,4612114.0
cpp,table_1280x720,inproc,1280,720,921600,stage:transform_crop,p95_ns,4724760.0
cpp,table_1280x720,inproc,1280,720,921600,stage:transform_crop,p99_ns,5305266.0
cpp,table_1280x720,inproc,1280,720,921600,stage:transform_crop,p99.9_ns,8036943.0
cpp,table_1280x720,inproc,1280,720,921600,stage:transform_crop,max_ns,8723737.0
cpp,table_1280x720,inproc,1280,720,921600,stage:transform_crop,mean_ns,4505887.232
cpp,table_1280x720,inproc,1280,720,921600,stage:plane,p50_ns,173212944.0
cpp,table_1280x720,inproc,1280,720,921600,stage:plane,p90_ns,180516921.0
cpp,table_1280x720,inproc,1280,720,921600,stage:plane,p95_ns,183471980.0
cpp,table_1280x720,inproc,1280,720,921600,stage:plane,p99_ns,199944121.0
cpp,table_1280x720,inproc,1280,720,921600,stage:plane,p99.9_ns,231465910.0
cpp,table_1280x720,inproc,1280,720,921600,stage:plane,max_ns,241326586.0
cpp,table_1280x720,inproc,1280,720,921600,stage:plane,mean_ns,173517142.6615
cpp,table_1280x720,inproc,1280,720,921600,stage:cluster,p50_ns,275075.0
cpp,table_1280x720,inproc,1280,720,921600,stage:cluster,p90_ns,476677.0
cpp,table_1280x720,inproc,1280,720,921600,stage:cluster,p95_ns,524615.0
cpp,table_1280x720,inproc,1280,720,921600,stage:cluster,p99_ns,684406.0
cpp,table_1280x720,inproc,1280,720,921600,stage:cluster,p99.9_ns,772746.0
cpp,table_1280x720,inproc,1280,720,921600,stage:cluster,max_ns,891266.0
cpp,table_1280x720,inproc,1280,720,921600,stage:cluster,mean_ns,284863.61
cpp,table_1280x720,inproc,1280,720,921600,stage:grasp,p50_ns,42985.0
cpp,table_1280x720,inproc,1280,720,921600,stage:grasp,p90_ns,67824.0
cpp,table_1280x720,inproc,1280,720,921600,stage:grasp,p95_ns,78287.0
cpp,table_1280x720,inproc,1280,720,921600,stage:grasp,p99_ns,98655.0
cpp,table_1280x720,inproc,1280,720,921600,stage:grasp,p99.9_ns,131647.0
cpp,table_1280x720,inproc,1280,720,921600,stage:grasp,max_ns,144255.0
cpp,table_1280x720,inproc,1280,720,921600,stage:grasp,mean_ns,44878.1945
cpp,table_1280x720,inproc,1280,720,921600,stage:ik,p50_ns,26039.0
cpp,table_1280x720,inproc,1280,720,921600,stage:ik,p90_ns,39697.0
cpp,table_1280x720,inproc,1280,720,921600,stage:ik,p95_ns,56879.0
cpp,table_1280x720,inproc,1280,720,921600,stage:ik,p99_ns,84267.0
cpp,table_1280x720,inproc,1280,720,921600,stage:ik,p99.9_ns,114224.0
cpp,table_1280x720,inproc,1280,720,921600,stage:ik,max_ns,142772.0
cpp,table_1280x720,inproc,1280,720,921600,stage:ik,mean_ns,29973.076
cpp,table_1280x720,inproc,1280,720,921600,stage:traj,p50_ns,1471.0
cpp,table_1280x720,inproc,1280,720,921600,stage:traj,p90_ns,1843.0
cpp,table_1280x720,inproc,1280,720,921600,stage:traj,p95_ns,1954.0
cpp,table_1280x720,inproc,1280,720,921600,stage:traj,p99_ns,2273.0
cpp,table_1280x720,inproc,1280,720,921600,stage:traj,p99.9_ns,34190.0
cpp,table_1280x720,inproc,1280,720,921600,stage:traj,max_ns,41810.0
cpp,table_1280x720,inproc,1280,720,921600,stage:traj,mean_ns,1581.971
cpp,table_1280x720,inproc,1280,720,921600,total,p99_ci_low_ns,201692839.9
cpp,table_1280x720,inproc,1280,720,921600,total,p99_ci_high_ns,214154937.0
cpp,table_1280x720,inproc,1280,720,921600,run,over_budget_fraction,1.0
cpp,table_1280x720,inproc,1280,720,921600,run,distinct_frames,100
cpp,table_1280x720,inproc,1280,720,921600,run,timer_overhead_ns,21
cpp,table_1280x720,inproc,1280,720,921600,run,ik_iterations_median,9.0
cpp,table_1280x720,inproc,1280,720,921600,run,bail_plane_not_found,0
cpp,table_1280x720,inproc,1280,720,921600,run,bail_not_graspable,0
cpp,table_1280x720,inproc,1280,720,921600,run,bail_ik_not_converged,0
cpp,table_320x240,inproc,320,240,76800,total,p50_ns,12987155.0
cpp,table_320x240,inproc,320,240,76800,total,p90_ns,13453047.0
cpp,table_320x240,inproc,320,240,76800,total,p95_ns,13603318.0
cpp,table_320x240,inproc,320,240,76800,total,p99_ns,14654258.0
cpp,table_320x240,inproc,320,240,76800,total,p99.9_ns,18618757.0
cpp,table_320x240,inproc,320,240,76800,total,max_ns,21534352.0
cpp,table_320x240,inproc,320,240,76800,total,mean_ns,12993255.8915
cpp,table_320x240,inproc,320,240,76800,total,samples,2000
cpp,table_320x240,inproc,320,240,76800,stage:decode,p50_ns,107.0
cpp,table_320x240,inproc,320,240,76800,stage:decode,p90_ns,148.0
cpp,table_320x240,inproc,320,240,76800,stage:decode,p95_ns,159.0
cpp,table_320x240,inproc,320,240,76800,stage:decode,p99_ns,376.0
cpp,table_320x240,inproc,320,240,76800,stage:decode,p99.9_ns,487.0
cpp,table_320x240,inproc,320,240,76800,stage:decode,max_ns,508.0
cpp,table_320x240,inproc,320,240,76800,stage:decode,mean_ns,98.4025
cpp,table_320x240,inproc,320,240,76800,stage:deproject,p50_ns,188919.0
cpp,table_320x240,inproc,320,240,76800,stage:deproject,p90_ns,223208.0
cpp,table_320x240,inproc,320,240,76800,stage:deproject,p95_ns,233319.0
cpp,table_320x240,inproc,320,240,76800,stage:deproject,p99_ns,269551.0
cpp,table_320x240,inproc,320,240,76800,stage:deproject,p99.9_ns,420971.0
cpp,table_320x240,inproc,320,240,76800,stage:deproject,max_ns,911167.0
cpp,table_320x240,inproc,320,240,76800,stage:deproject,mean_ns,196817.7175
cpp,table_320x240,inproc,320,240,76800,stage:transform_crop,p50_ns,317827.0
cpp,table_320x240,inproc,320,240,76800,stage:transform_crop,p90_ns,352908.0
cpp,table_320x240,inproc,320,240,76800,stage:transform_crop,p95_ns,372003.0
cpp,table_320x240,inproc,320,240,76800,stage:transform_crop,p99_ns,405183.0
cpp,table_320x240,inproc,320,240,76800,stage:transform_crop,p99.9_ns,500292.0
cpp,table_320x240,inproc,320,240,76800,stage:transform_crop,max_ns,613215.0
cpp,table_320x240,inproc,320,240,76800,stage:transform_crop,mean_ns,328014.615
cpp,table_320x240,inproc,320,240,76800,stage:plane,p50_ns,12400042.0
cpp,table_320x240,inproc,320,240,76800,stage:plane,p90_ns,12879482.0
cpp,table_320x240,inproc,320,240,76800,stage:plane,p95_ns,13020809.0
cpp,table_320x240,inproc,320,240,76800,stage:plane,p99_ns,14025419.0
cpp,table_320x240,inproc,320,240,76800,stage:plane,p99.9_ns,18002504.0
cpp,table_320x240,inproc,320,240,76800,stage:plane,max_ns,20523676.0
cpp,table_320x240,inproc,320,240,76800,stage:plane,mean_ns,12408340.3785
cpp,table_320x240,inproc,320,240,76800,stage:cluster,p50_ns,30307.0
cpp,table_320x240,inproc,320,240,76800,stage:cluster,p90_ns,52153.0
cpp,table_320x240,inproc,320,240,76800,stage:cluster,p95_ns,56980.0
cpp,table_320x240,inproc,320,240,76800,stage:cluster,p99_ns,78402.0
cpp,table_320x240,inproc,320,240,76800,stage:cluster,p99.9_ns,92948.0
cpp,table_320x240,inproc,320,240,76800,stage:cluster,max_ns,149810.0
cpp,table_320x240,inproc,320,240,76800,stage:cluster,mean_ns,31295.9775
cpp,table_320x240,inproc,320,240,76800,stage:grasp,p50_ns,4204.0
cpp,table_320x240,inproc,320,240,76800,stage:grasp,p90_ns,5972.0
cpp,table_320x240,inproc,320,240,76800,stage:grasp,p95_ns,6504.0
cpp,table_320x240,inproc,320,240,76800,stage:grasp,p99_ns,9627.0
cpp,table_320x240,inproc,320,240,76800,stage:grasp,p99.9_ns,34516.0
cpp,table_320x240,inproc,320,240,76800,stage:grasp,max_ns,57141.0
cpp,table_320x240,inproc,320,240,76800,stage:grasp,mean_ns,4427.677
cpp,table_320x240,inproc,320,240,76800,stage:ik,p50_ns,20458.0
cpp,table_320x240,inproc,320,240,76800,stage:ik,p90_ns,32795.0
cpp,table_320x240,inproc,320,240,76800,stage:ik,p95_ns,42258.0
cpp,table_320x240,inproc,320,240,76800,stage:ik,p99_ns,57451.0
cpp,table_320x240,inproc,320,240,76800,stage:ik,p99.9_ns,88388.0
cpp,table_320x240,inproc,320,240,76800,stage:ik,max_ns,295866.0
cpp,table_320x240,inproc,320,240,76800,stage:ik,mean_ns,23386.3485
cpp,table_320x240,inproc,320,240,76800,stage:traj,p50_ns,808.0
cpp,table_320x240,inproc,320,240,76800,stage:traj,p90_ns,1252.0
cpp,table_320x240,inproc,320,240,76800,stage:traj,p95_ns,1386.0
cpp,table_320x240,inproc,320,240,76800,stage:traj,p99_ns,1650.0
cpp,table_320x240,inproc,320,240,76800,stage:traj,p99.9_ns,6980.0
cpp,table_320x240,inproc,320,240,76800,stage:traj,max_ns,25777.0
cpp,table_320x240,inproc,320,240,76800,stage:traj,mean_ns,874.775
cpp,table_320x240,inproc,320,240,76800,total,p99_ci_low_ns,14040389.200000003
cpp,table_320x240,inproc,320,240,76800,total,p99_ci_high_ns,15624887.0
cpp,table_320x240,inproc,320,240,76800,run,over_budget_fraction,0.0
cpp,table_320x240,inproc,320,240,76800,run,distinct_frames,100
cpp,table_320x240,inproc,320,240,76800,run,timer_overhead_ns,21
cpp,table_320x240,inproc,320,240,76800,run,ik_iterations_median,9.0
cpp,table_320x240,inproc,320,240,76800,run,bail_plane_not_found,0
cpp,table_320x240,inproc,320,240,76800,run,bail_not_graspable,0
cpp,table_320x240,inproc,320,240,76800,run,bail_ik_not_converged,0
cpp,table_640x480,inproc,640,480,307200,total,p50_ns,58031395.0
cpp,table_640x480,inproc,640,480,307200,total,p90_ns,61150574.0
cpp,table_640x480,inproc,640,480,307200,total,p95_ns,62151384.0
cpp,table_640x480,inproc,640,480,307200,total,p99_ns,64515142.0
cpp,table_640x480,inproc,640,480,307200,total,p99.9_ns,75643036.0
cpp,table_640x480,inproc,640,480,307200,total,max_ns,93820535.0
cpp,table_640x480,inproc,640,480,307200,total,mean_ns,57651633.59
cpp,table_640x480,inproc,640,480,307200,total,samples,2000
cpp,table_640x480,inproc,640,480,307200,stage:decode,p50_ns,25.0
cpp,table_640x480,inproc,640,480,307200,stage:decode,p90_ns,34.0
cpp,table_640x480,inproc,640,480,307200,stage:decode,p95_ns,44.0
cpp,table_640x480,inproc,640,480,307200,stage:decode,p99_ns,231.0
cpp,table_640x480,inproc,640,480,307200,stage:decode,p99.9_ns,298.0
cpp,table_640x480,inproc,640,480,307200,stage:decode,max_ns,62372.0
cpp,table_640x480,inproc,640,480,307200,stage:decode,mean_ns,65.1585
cpp,table_640x480,inproc,640,480,307200,stage:deproject,p50_ns,915847.0
cpp,table_640x480,inproc,640,480,307200,stage:deproject,p90_ns,988698.0
cpp,table_640x480,inproc,640,480,307200,stage:deproject,p95_ns,1027615.0
cpp,table_640x480,inproc,640,480,307200,stage:deproject,p99_ns,1272063.0
cpp,table_640x480,inproc,640,480,307200,stage:deproject,p99.9_ns,1470994.0
cpp,table_640x480,inproc,640,480,307200,stage:deproject,max_ns,1678708.0
cpp,table_640x480,inproc,640,480,307200,stage:deproject,mean_ns,916557.1045
cpp,table_640x480,inproc,640,480,307200,stage:transform_crop,p50_ns,1435904.0
cpp,table_640x480,inproc,640,480,307200,stage:transform_crop,p90_ns,1563093.0
cpp,table_640x480,inproc,640,480,307200,stage:transform_crop,p95_ns,1606190.0
cpp,table_640x480,inproc,640,480,307200,stage:transform_crop,p99_ns,1843598.0
cpp,table_640x480,inproc,640,480,307200,stage:transform_crop,p99.9_ns,2215678.0
cpp,table_640x480,inproc,640,480,307200,stage:transform_crop,max_ns,3061226.0
cpp,table_640x480,inproc,640,480,307200,stage:transform_crop,mean_ns,1448811.855
cpp,table_640x480,inproc,640,480,307200,stage:plane,p50_ns,55485619.0
cpp,table_640x480,inproc,640,480,307200,stage:plane,p90_ns,58582581.0
cpp,table_640x480,inproc,640,480,307200,stage:plane,p95_ns,59568587.0
cpp,table_640x480,inproc,640,480,307200,stage:plane,p99_ns,61997047.0
cpp,table_640x480,inproc,640,480,307200,stage:plane,p99.9_ns,72502636.0
cpp,table_640x480,inproc,640,480,307200,stage:plane,max_ns,91225765.0
cpp,table_640x480,inproc,640,480,307200,stage:plane,mean_ns,55144904.456
cpp,table_640x480,inproc,640,480,307200,stage:cluster,p50_ns,88183.0
cpp,table_640x480,inproc,640,480,307200,stage:cluster,p90_ns,154119.0
cpp,table_640x480,inproc,640,480,307200,stage:cluster,p95_ns,184368.0
cpp,table_640x480,inproc,640,480,307200,stage:cluster,p99_ns,241322.0
cpp,table_640x480,inproc,640,480,307200,stage:cluster,p99.9_ns,314538.0
cpp,table_640x480,inproc,640,480,307200,stage:cluster,max_ns,1232586.0
cpp,table_640x480,inproc,640,480,307200,stage:cluster,mean_ns,93446.4675
cpp,table_640x480,inproc,640,480,307200,stage:grasp,p50_ns,13824.0
cpp,table_640x480,inproc,640,480,307200,stage:grasp,p90_ns,21531.0
cpp,table_640x480,inproc,640,480,307200,stage:grasp,p95_ns,28317.0
cpp,table_640x480,inproc,640,480,307200,stage:grasp,p99_ns,54832.0
cpp,table_640x480,inproc,640,480,307200,stage:grasp,p99.9_ns,66982.0
cpp,table_640x480,inproc,640,480,307200,stage:grasp,max_ns,81691.0
cpp,table_640x480,inproc,640,480,307200,stage:grasp,mean_ns,15313.688
cpp,table_640x480,inproc,640,480,307200,stage:ik,p50_ns,26246.0
cpp,table_640x480,inproc,640,480,307200,stage:ik,p90_ns,43427.0
cpp,table_640x480,inproc,640,480,307200,stage:ik,p95_ns,59078.0
cpp,table_640x480,inproc,640,480,307200,stage:ik,p99_ns,79015.0
cpp,table_640x480,inproc,640,480,307200,stage:ik,p99.9_ns,111910.0
cpp,table_640x480,inproc,640,480,307200,stage:ik,max_ns,166602.0
cpp,table_640x480,inproc,640,480,307200,stage:ik,mean_ns,30933.906
cpp,table_640x480,inproc,640,480,307200,stage:traj,p50_ns,1442.0
cpp,table_640x480,inproc,640,480,307200,stage:traj,p90_ns,1923.0
cpp,table_640x480,inproc,640,480,307200,stage:traj,p95_ns,2170.0
cpp,table_640x480,inproc,640,480,307200,stage:traj,p99_ns,2893.0
cpp,table_640x480,inproc,640,480,307200,stage:traj,p99.9_ns,30996.0
cpp,table_640x480,inproc,640,480,307200,stage:traj,max_ns,37299.0
cpp,table_640x480,inproc,640,480,307200,stage:traj,mean_ns,1600.9545
cpp,table_640x480,inproc,640,480,307200,total,p99_ci_low_ns,63830767.0
cpp,table_640x480,inproc,640,480,307200,total,p99_ci_high_ns,65193259.0
cpp,table_640x480,inproc,640,480,307200,run,over_budget_fraction,1.0
cpp,table_640x480,inproc,640,480,307200,run,distinct_frames,100
cpp,table_640x480,inproc,640,480,307200,run,timer_overhead_ns,21
cpp,table_640x480,inproc,640,480,307200,run,ik_iterations_median,9.0
cpp,table_640x480,inproc,640,480,307200,run,bail_plane_not_found,0
cpp,table_640x480,inproc,640,480,307200,run,bail_not_graspable,0
cpp,table_640x480,inproc,640,480,307200,run,bail_ik_not_converged,0
cpp,table_848x480,inproc,848,480,407040,total,p50_ns,78949146.0
cpp,table_848x480,inproc,848,480,407040,total,p90_ns,82417887.0
cpp,table_848x480,inproc,848,480,407040,total,p95_ns,83988327.0
cpp,table_848x480,inproc,848,480,407040,total,p99_ns,91868776.0
cpp,table_848x480,inproc,848,480,407040,total,p99.9_ns,111607307.0
cpp,table_848x480,inproc,848,480,407040,total,max_ns,131035087.0
cpp,table_848x480,inproc,848,480,407040,total,mean_ns,79199833.242
cpp,table_848x480,inproc,848,480,407040,total,samples,2000
cpp,table_848x480,inproc,848,480,407040,stage:decode,p50_ns,25.0
cpp,table_848x480,inproc,848,480,407040,stage:decode,p90_ns,28.0
cpp,table_848x480,inproc,848,480,407040,stage:decode,p95_ns,29.0
cpp,table_848x480,inproc,848,480,407040,stage:decode,p99_ns,70.0
cpp,table_848x480,inproc,848,480,407040,stage:decode,p99.9_ns,141.0
cpp,table_848x480,inproc,848,480,407040,stage:decode,max_ns,2933.0
cpp,table_848x480,inproc,848,480,407040,stage:decode,mean_ns,28.2275
cpp,table_848x480,inproc,848,480,407040,stage:deproject,p50_ns,1152425.0
cpp,table_848x480,inproc,848,480,407040,stage:deproject,p90_ns,1214625.0
cpp,table_848x480,inproc,848,480,407040,stage:deproject,p95_ns,1255707.0
cpp,table_848x480,inproc,848,480,407040,stage:deproject,p99_ns,1674939.0
cpp,table_848x480,inproc,848,480,407040,stage:deproject,p99.9_ns,2182297.0
cpp,table_848x480,inproc,848,480,407040,stage:deproject,max_ns,2201994.0
cpp,table_848x480,inproc,848,480,407040,stage:deproject,mean_ns,1172708.619
cpp,table_848x480,inproc,848,480,407040,stage:transform_crop,p50_ns,1964702.0
cpp,table_848x480,inproc,848,480,407040,stage:transform_crop,p90_ns,2031850.0
cpp,table_848x480,inproc,848,480,407040,stage:transform_crop,p95_ns,2085670.0
cpp,table_848x480,inproc,848,480,407040,stage:transform_crop,p99_ns,2624358.0
cpp,table_848x480,inproc,848,480,407040,stage:transform_crop,p99.9_ns,3465987.0
cpp,table_848x480,inproc,848,480,407040,stage:transform_crop,max_ns,3809888.0
cpp,table_848x480,inproc,848,480,407040,stage:transform_crop,mean_ns,1982144.2985
cpp,table_848x480,inproc,848,480,407040,stage:plane,p50_ns,75657002.0
cpp,table_848x480,inproc,848,480,407040,stage:plane,p90_ns,79057859.0
cpp,table_848x480,inproc,848,480,407040,stage:plane,p95_ns,80605627.0
cpp,table_848x480,inproc,848,480,407040,stage:plane,p99_ns,88357395.0
cpp,table_848x480,inproc,848,480,407040,stage:plane,p99.9_ns,107422808.0
cpp,table_848x480,inproc,848,480,407040,stage:plane,max_ns,127569076.0
cpp,table_848x480,inproc,848,480,407040,stage:plane,mean_ns,75862092.062
cpp,table_848x480,inproc,848,480,407040,stage:cluster,p50_ns,130414.0
cpp,table_848x480,inproc,848,480,407040,stage:cluster,p90_ns,223377.0
cpp,table_848x480,inproc,848,480,407040,stage:cluster,p95_ns,249597.0
cpp,table_848x480,inproc,848,480,407040,stage:cluster,p99_ns,305344.0
cpp,table_848x480,inproc,848,480,407040,stage:cluster,p99.9_ns,352079.0
cpp,table_848x480,inproc,848,480,407040,stage:cluster,max_ns,485261.0
cpp,table_848x480,inproc,848,480,407040,stage:cluster,mean_ns,132232.0865
cpp,table_848x480,inproc,848,480,407040,stage:grasp,p50_ns,20260.0
cpp,table_848x480,inproc,848,480,407040,stage:grasp,p90_ns,31341.0
cpp,table_848x480,inproc,848,480,407040,stage:grasp,p95_ns,36407.0
cpp,table_848x480,inproc,848,480,407040,stage:grasp,p99_ns,58419.0
cpp,table_848x480,inproc,848,480,407040,stage:grasp,p99.9_ns,74122.0
cpp,table_848x480,inproc,848,480,407040,stage:grasp,max_ns,105303.0
cpp,table_848x480,inproc,848,480,407040,stage:grasp,mean_ns,21345.771
cpp,table_848x480,inproc,848,480,407040,stage:ik,p50_ns,24324.0
cpp,table_848x480,inproc,848,480,407040,stage:ik,p90_ns,35818.0
cpp,table_848x480,inproc,848,480,407040,stage:ik,p95_ns,51432.0
cpp,table_848x480,inproc,848,480,407040,stage:ik,p99_ns,67600.0
cpp,table_848x480,inproc,848,480,407040,stage:ik,p99.9_ns,89874.0
cpp,table_848x480,inproc,848,480,407040,stage:ik,max_ns,97052.0
cpp,table_848x480,inproc,848,480,407040,stage:ik,mean_ns,27720.1355
cpp,table_848x480,inproc,848,480,407040,stage:traj,p50_ns,1387.0
cpp,table_848x480,inproc,848,480,407040,stage:traj,p90_ns,1713.0
cpp,table_848x480,inproc,848,480,407040,stage:traj,p95_ns,1841.0
cpp,table_848x480,inproc,848,480,407040,stage:traj,p99_ns,2415.0
cpp,table_848x480,inproc,848,480,407040,stage:traj,p99.9_ns,31723.0
cpp,table_848x480,inproc,848,480,407040,stage:traj,max_ns,43186.0
cpp,table_848x480,inproc,848,480,407040,stage:traj,mean_ns,1562.042
cpp,table_848x480,inproc,848,480,407040,total,p99_ci_low_ns,87727682.0
cpp,table_848x480,inproc,848,480,407040,total,p99_ci_high_ns,95215895.0
cpp,table_848x480,inproc,848,480,407040,run,over_budget_fraction,1.0
cpp,table_848x480,inproc,848,480,407040,run,distinct_frames,100
cpp,table_848x480,inproc,848,480,407040,run,timer_overhead_ns,21
cpp,table_848x480,inproc,848,480,407040,run,ik_iterations_median,9.0
cpp,table_848x480,inproc,848,480,407040,run,bail_plane_not_found,0
cpp,table_848x480,inproc,848,480,407040,run,bail_not_graspable,0
cpp,table_848x480,inproc,848,480,407040,run,bail_ik_not_converged,0
py,table_1280x720,inproc,1280,720,921600,total,p50_ns,294766407.0
py,table_1280x720,inproc,1280,720,921600,total,p90_ns,327508664.0
py,table_1280x720,inproc,1280,720,921600,total,p95_ns,343500583.0
py,table_1280x720,inproc,1280,720,921600,total,p99_ns,388437730.0
py,table_1280x720,inproc,1280,720,921600,total,p99.9_ns,437598369.0
py,table_1280x720,inproc,1280,720,921600,total,max_ns,444594593.0
py,table_1280x720,inproc,1280,720,921600,total,mean_ns,296914478.8845
py,table_1280x720,inproc,1280,720,921600,total,samples,2000
py,table_1280x720,inproc,1280,720,921600,stage:decode,p50_ns,11061.0
py,table_1280x720,inproc,1280,720,921600,stage:decode,p90_ns,14517.0
py,table_1280x720,inproc,1280,720,921600,stage:decode,p95_ns,17153.0
py,table_1280x720,inproc,1280,720,921600,stage:decode,p99_ns,49724.0
py,table_1280x720,inproc,1280,720,921600,stage:decode,p99.9_ns,71599.0
py,table_1280x720,inproc,1280,720,921600,stage:decode,max_ns,138858.0
py,table_1280x720,inproc,1280,720,921600,stage:decode,mean_ns,12371.0355
py,table_1280x720,inproc,1280,720,921600,stage:deproject,p50_ns,34910953.0
py,table_1280x720,inproc,1280,720,921600,stage:deproject,p90_ns,37559505.0
py,table_1280x720,inproc,1280,720,921600,stage:deproject,p95_ns,38540631.0
py,table_1280x720,inproc,1280,720,921600,stage:deproject,p99_ns,41338176.0
py,table_1280x720,inproc,1280,720,921600,stage:deproject,p99.9_ns,63385850.0
py,table_1280x720,inproc,1280,720,921600,stage:deproject,max_ns,79678142.0
py,table_1280x720,inproc,1280,720,921600,stage:deproject,mean_ns,34567101.256
py,table_1280x720,inproc,1280,720,921600,stage:transform_crop,p50_ns,40102386.0
py,table_1280x720,inproc,1280,720,921600,stage:transform_crop,p90_ns,44576647.0
py,table_1280x720,inproc,1280,720,921600,stage:transform_crop,p95_ns,45951543.0
py,table_1280x720,inproc,1280,720,921600,stage:transform_crop,p99_ns,50926828.0
py,table_1280x720,inproc,1280,720,921600,stage:transform_crop,p99.9_ns,65811576.0
py,table_1280x720,inproc,1280,720,921600,stage:transform_crop,max_ns,99008221.0
py,table_1280x720,inproc,1280,720,921600,stage:transform_crop,mean_ns,39904284.16
py,table_1280x720,inproc,1280,720,921600,stage:plane,p50_ns,214846159.0
py,table_1280x720,inproc,1280,720,921600,stage:plane,p90_ns,243331864.0
py,table_1280x720,inproc,1280,720,921600,stage:plane,p95_ns,261279193.0
py,table_1280x720,inproc,1280,720,921600,stage:plane,p99_ns,297211268.0
py,table_1280x720,inproc,1280,720,921600,stage:plane,p99.9_ns,335859886.0
py,table_1280x720,inproc,1280,720,921600,stage:plane,max_ns,343644338.0
py,table_1280x720,inproc,1280,720,921600,stage:plane,mean_ns,218433197.3875
py,table_1280x720,inproc,1280,720,921600,stage:cluster,p50_ns,1478270.0
py,table_1280x720,inproc,1280,720,921600,stage:cluster,p90_ns,2372296.0
py,table_1280x720,inproc,1280,720,921600,stage:cluster,p95_ns,2648577.0
py,table_1280x720,inproc,1280,720,921600,stage:cluster,p99_ns,3256621.0
py,table_1280x720,inproc,1280,720,921600,stage:cluster,p99.9_ns,3750269.0
py,table_1280x720,inproc,1280,720,921600,stage:cluster,max_ns,4813927.0
py,table_1280x720,inproc,1280,720,921600,stage:cluster,mean_ns,1518487.7575
py,table_1280x720,inproc,1280,720,921600,stage:grasp,p50_ns,891837.0
py,table_1280x720,inproc,1280,720,921600,stage:grasp,p90_ns,1247510.0
py,table_1280x720,inproc,1280,720,921600,stage:grasp,p95_ns,1336650.0
py,table_1280x720,inproc,1280,720,921600,stage:grasp,p99_ns,1488413.0
py,table_1280x720,inproc,1280,720,921600,stage:grasp,p99.9_ns,1940156.0
py,table_1280x720,inproc,1280,720,921600,stage:grasp,max_ns,3974088.0
py,table_1280x720,inproc,1280,720,921600,stage:grasp,mean_ns,913640.95
py,table_1280x720,inproc,1280,720,921600,stage:ik,p50_ns,1315941.0
py,table_1280x720,inproc,1280,720,921600,stage:ik,p90_ns,1977958.0
py,table_1280x720,inproc,1280,720,921600,stage:ik,p95_ns,2434959.0
py,table_1280x720,inproc,1280,720,921600,stage:ik,p99_ns,5122165.0
py,table_1280x720,inproc,1280,720,921600,stage:ik,p99.9_ns,6824429.0
py,table_1280x720,inproc,1280,720,921600,stage:ik,max_ns,14654760.0
py,table_1280x720,inproc,1280,720,921600,stage:ik,mean_ns,1500740.7815
py,table_1280x720,inproc,1280,720,921600,stage:traj,p50_ns,57570.0
py,table_1280x720,inproc,1280,720,921600,stage:traj,p90_ns,88610.0
py,table_1280x720,inproc,1280,720,921600,stage:traj,p95_ns,104668.0
py,table_1280x720,inproc,1280,720,921600,stage:traj,p99_ns,139684.0
py,table_1280x720,inproc,1280,720,921600,stage:traj,p99.9_ns,196607.0
py,table_1280x720,inproc,1280,720,921600,stage:traj,max_ns,350944.0
py,table_1280x720,inproc,1280,720,921600,stage:traj,mean_ns,64655.5565
py,table_1280x720,inproc,1280,720,921600,total,p99_ci_low_ns,378751604.4000001
py,table_1280x720,inproc,1280,720,921600,total,p99_ci_high_ns,392032596.0
py,table_1280x720,inproc,1280,720,921600,run,over_budget_fraction,1.0
py,table_1280x720,inproc,1280,720,921600,run,distinct_frames,100
py,table_1280x720,inproc,1280,720,921600,run,timer_overhead_ns,183
py,table_1280x720,inproc,1280,720,921600,run,ik_iterations_median,9.0
py,table_1280x720,inproc,1280,720,921600,run,bail_plane_not_found,0
py,table_1280x720,inproc,1280,720,921600,run,bail_not_graspable,0
py,table_1280x720,inproc,1280,720,921600,run,bail_ik_not_converged,0
py,table_320x240,inproc,320,240,76800,total,p50_ns,22700593.0
py,table_320x240,inproc,320,240,76800,total,p90_ns,24570830.0
py,table_320x240,inproc,320,240,76800,total,p95_ns,25676215.0
py,table_320x240,inproc,320,240,76800,total,p99_ns,28048479.0
py,table_320x240,inproc,320,240,76800,total,p99.9_ns,30558476.0
py,table_320x240,inproc,320,240,76800,total,max_ns,32827838.0
py,table_320x240,inproc,320,240,76800,total,mean_ns,22933783.1195
py,table_320x240,inproc,320,240,76800,total,samples,2000
py,table_320x240,inproc,320,240,76800,stage:decode,p50_ns,9936.0
py,table_320x240,inproc,320,240,76800,stage:decode,p90_ns,11240.0
py,table_320x240,inproc,320,240,76800,stage:decode,p95_ns,13247.0
py,table_320x240,inproc,320,240,76800,stage:decode,p99_ns,50050.0
py,table_320x240,inproc,320,240,76800,stage:decode,p99.9_ns,67317.0
py,table_320x240,inproc,320,240,76800,stage:decode,max_ns,104416.0
py,table_320x240,inproc,320,240,76800,stage:decode,mean_ns,10835.586
py,table_320x240,inproc,320,240,76800,stage:deproject,p50_ns,2431017.0
py,table_320x240,inproc,320,240,76800,stage:deproject,p90_ns,2648677.0
py,table_320x240,inproc,320,240,76800,stage:deproject,p95_ns,2766284.0
py,table_320x240,inproc,320,240,76800,stage:deproject,p99_ns,3173612.0
py,table_320x240,inproc,320,240,76800,stage:deproject,p99.9_ns,3579367.0
py,table_320x240,inproc,320,240,76800,stage:deproject,max_ns,3654588.0
py,table_320x240,inproc,320,240,76800,stage:deproject,mean_ns,2456752.6485
py,table_320x240,inproc,320,240,76800,stage:transform_crop,p50_ns,2422074.0
py,table_320x240,inproc,320,240,76800,stage:transform_crop,p90_ns,2632442.0
py,table_320x240,inproc,320,240,76800,stage:transform_crop,p95_ns,2758828.0
py,table_320x240,inproc,320,240,76800,stage:transform_crop,p99_ns,3233935.0
py,table_320x240,inproc,320,240,76800,stage:transform_crop,p99.9_ns,3536301.0
py,table_320x240,inproc,320,240,76800,stage:transform_crop,max_ns,3739139.0
py,table_320x240,inproc,320,240,76800,stage:transform_crop,mean_ns,2439298.7835
py,table_320x240,inproc,320,240,76800,stage:plane,p50_ns,15706735.0
py,table_320x240,inproc,320,240,76800,stage:plane,p90_ns,17013912.0
py,table_320x240,inproc,320,240,76800,stage:plane,p95_ns,17792942.0
py,table_320x240,inproc,320,240,76800,stage:plane,p99_ns,19768220.0
py,table_320x240,inproc,320,240,76800,stage:plane,p99.9_ns,22235507.0
py,table_320x240,inproc,320,240,76800,stage:plane,max_ns,23643006.0
py,table_320x240,inproc,320,240,76800,stage:plane,mean_ns,15874044.4715
py,table_320x240,inproc,320,240,76800,stage:cluster,p50_ns,358043.0
py,table_320x240,inproc,320,240,76800,stage:cluster,p90_ns,478053.0
py,table_320x240,inproc,320,240,76800,stage:cluster,p95_ns,513871.0
py,table_320x240,inproc,320,240,76800,stage:cluster,p99_ns,569619.0
py,table_320x240,inproc,320,240,76800,stage:cluster,p99.9_ns,672544.0
py,table_320x240,inproc,320,240,76800,stage:cluster,max_ns,804860.0
py,table_320x240,inproc,320,240,76800,stage:cluster,mean_ns,364628.8165
py,table_320x240,inproc,320,240,76800,stage:grasp,p50_ns,288880.0
py,table_320x240,inproc,320,240,76800,stage:grasp,p90_ns,360764.0
py,table_320x240,inproc,320,240,76800,stage:grasp,p95_ns,384642.0
py,table_320x240,inproc,320,240,76800,stage:grasp,p99_ns,442630.0
py,table_320x240,inproc,320,240,76800,stage:grasp,p99.9_ns,502931.0
py,table_320x240,inproc,320,240,76800,stage:grasp,max_ns,658836.0
py,table_320x240,inproc,320,240,76800,stage:grasp,mean_ns,295902.22
py,table_320x240,inproc,320,240,76800,stage:ik,p50_ns,1277332.0
py,table_320x240,inproc,320,240,76800,stage:ik,p90_ns,1961171.0
py,table_320x240,inproc,320,240,76800,stage:ik,p95_ns,2512221.0
py,table_320x240,inproc,320,240,76800,stage:ik,p99_ns,3820860.0
py,table_320x240,inproc,320,240,76800,stage:ik,p99.9_ns,4335273.0
py,table_320x240,inproc,320,240,76800,stage:ik,max_ns,4841487.0
py,table_320x240,inproc,320,240,76800,stage:ik,mean_ns,1434405.1395
py,table_320x240,inproc,320,240,76800,stage:traj,p50_ns,53339.0
py,table_320x240,inproc,320,240,76800,stage:traj,p90_ns,70842.0
py,table_320x240,inproc,320,240,76800,stage:traj,p95_ns,92988.0
py,table_320x240,inproc,320,240,76800,stage:traj,p99_ns,113352.0
py,table_320x240,inproc,320,240,76800,stage:traj,p99.9_ns,155368.0
py,table_320x240,inproc,320,240,76800,stage:traj,max_ns,167002.0
py,table_320x240,inproc,320,240,76800,stage:traj,mean_ns,57915.454
py,table_320x240,inproc,320,240,76800,total,p99_ci_low_ns,27474256.0
py,table_320x240,inproc,320,240,76800,total,p99_ci_high_ns,28543279.0
py,table_320x240,inproc,320,240,76800,run,over_budget_fraction,0.0
py,table_320x240,inproc,320,240,76800,run,distinct_frames,100
py,table_320x240,inproc,320,240,76800,run,timer_overhead_ns,187
py,table_320x240,inproc,320,240,76800,run,ik_iterations_median,9.0
py,table_320x240,inproc,320,240,76800,run,bail_plane_not_found,0
py,table_320x240,inproc,320,240,76800,run,bail_not_graspable,0
py,table_320x240,inproc,320,240,76800,run,bail_ik_not_converged,0
py,table_640x480,inproc,640,480,307200,total,p50_ns,86904711.0
py,table_640x480,inproc,640,480,307200,total,p90_ns,93228126.0
py,table_640x480,inproc,640,480,307200,total,p95_ns,96700444.0
py,table_640x480,inproc,640,480,307200,total,p99_ns,107194451.0
py,table_640x480,inproc,640,480,307200,total,p99.9_ns,153378081.0
py,table_640x480,inproc,640,480,307200,total,max_ns,173476533.0
py,table_640x480,inproc,640,480,307200,total,mean_ns,87963060.874
py,table_640x480,inproc,640,480,307200,total,samples,2000
py,table_640x480,inproc,640,480,307200,stage:decode,p50_ns,10551.0
py,table_640x480,inproc,640,480,307200,stage:decode,p90_ns,12212.0
py,table_640x480,inproc,640,480,307200,stage:decode,p95_ns,16439.0
py,table_640x480,inproc,640,480,307200,stage:decode,p99_ns,48410.0
py,table_640x480,inproc,640,480,307200,stage:decode,p99.9_ns,202172.0
py,table_640x480,inproc,640,480,307200,stage:decode,max_ns,685992.0
py,table_640x480,inproc,640,480,307200,stage:decode,mean_ns,12365.7815
py,table_640x480,inproc,640,480,307200,stage:deproject,p50_ns,10801846.0
py,table_640x480,inproc,640,480,307200,stage:deproject,p90_ns,11599429.0
py,table_640x480,inproc,640,480,307200,stage:deproject,p95_ns,12087072.0
py,table_640x480,inproc,640,480,307200,stage:deproject,p99_ns,13825392.0
py,table_640x480,inproc,640,480,307200,stage:deproject,p99.9_ns,28111785.0
py,table_640x480,inproc,640,480,307200,stage:deproject,max_ns,44204296.0
py,table_640x480,inproc,640,480,307200,stage:deproject,mean_ns,10957776.0245
py,table_640x480,inproc,640,480,307200,stage:transform_crop,p50_ns,11007776.0
py,table_640x480,inproc,640,480,307200,stage:transform_crop,p90_ns,11935023.0
py,table_640x480,inproc,640,480,307200,stage:transform_crop,p95_ns,12560600.0
py,table_640x480,inproc,640,480,307200,stage:transform_crop,p99_ns,15438002.0
py,table_640x480,inproc,640,480,307200,stage:transform_crop,p99.9_ns,31958522.0
py,table_640x480,inproc,640,480,307200,stage:transform_crop,max_ns,36937111.0
py,table_640x480,inproc,640,480,307200,stage:transform_crop,mean_ns,11231009.4795
py,table_640x480,inproc,640,480,307200,stage:plane,p50_ns,62280074.0
py,table_640x480,inproc,640,480,307200,stage:plane,p90_ns,67350874.0
py,table_640x480,inproc,640,480,307200,stage:plane,p95_ns,70180159.0
py,table_640x480,inproc,640,480,307200,stage:plane,p99_ns,78077569.0
py,table_640x480,inproc,640,480,307200,stage:plane,p99.9_ns,114209041.0
py,table_640x480,inproc,640,480,307200,stage:plane,max_ns,149097101.0
py,table_640x480,inproc,640,480,307200,stage:plane,mean_ns,63167954.468
py,table_640x480,inproc,640,480,307200,stage:cluster,p50_ns,595110.0
py,table_640x480,inproc,640,480,307200,stage:cluster,p90_ns,854959.0
py,table_640x480,inproc,640,480,307200,stage:cluster,p95_ns,913964.0
py,table_640x480,inproc,640,480,307200,stage:cluster,p99_ns,1077119.0
py,table_640x480,inproc,640,480,307200,stage:cluster,p99.9_ns,1467288.0
py,table_640x480,inproc,640,480,307200,stage:cluster,max_ns,2175137.0
py,table_640x480,inproc,640,480,307200,stage:cluster,mean_ns,608633.5565
py,table_640x480,inproc,640,480,307200,stage:grasp,p50_ns,461386.0
py,table_640x480,inproc,640,480,307200,stage:grasp,p90_ns,557097.0
py,table_640x480,inproc,640,480,307200,stage:grasp,p95_ns,587950.0
py,table_640x480,inproc,640,480,307200,stage:grasp,p99_ns,693651.0
py,table_640x480,inproc,640,480,307200,stage:grasp,p99.9_ns,1045418.0
py,table_640x480,inproc,640,480,307200,stage:grasp,max_ns,1514838.0
py,table_640x480,inproc,640,480,307200,stage:grasp,mean_ns,468163.3315
py,table_640x480,inproc,640,480,307200,stage:ik,p50_ns,1260282.0
py,table_640x480,inproc,640,480,307200,stage:ik,p90_ns,1946231.0
py,table_640x480,inproc,640,480,307200,stage:ik,p95_ns,2340254.0
py,table_640x480,inproc,640,480,307200,stage:ik,p99_ns,4117226.0
py,table_640x480,inproc,640,480,307200,stage:ik,p99.9_ns,7725079.0
py,table_640x480,inproc,640,480,307200,stage:ik,max_ns,55872005.0
py,table_640x480,inproc,640,480,307200,stage:ik,mean_ns,1454727.2325
py,table_640x480,inproc,640,480,307200,stage:traj,p50_ns,56849.0
py,table_640x480,inproc,640,480,307200,stage:traj,p90_ns,74621.0
py,table_640x480,inproc,640,480,307200,stage:traj,p95_ns,93523.0
py,table_640x480,inproc,640,480,307200,stage:traj,p99_ns,121047.0
py,table_640x480,inproc,640,480,307200,stage:traj,p99.9_ns,354876.0
py,table_640x480,inproc,640,480,307200,stage:traj,max_ns,756368.0
py,table_640x480,inproc,640,480,307200,stage:traj,mean_ns,62431.0
py,table_640x480,inproc,640,480,307200,total,p99_ci_low_ns,103222272.0
py,table_640x480,inproc,640,480,307200,total,p99_ci_high_ns,112341754.0
py,table_640x480,inproc,640,480,307200,run,over_budget_fraction,1.0
py,table_640x480,inproc,640,480,307200,run,distinct_frames,100
py,table_640x480,inproc,640,480,307200,run,timer_overhead_ns,184
py,table_640x480,inproc,640,480,307200,run,ik_iterations_median,9.0
py,table_640x480,inproc,640,480,307200,run,bail_plane_not_found,0
py,table_640x480,inproc,640,480,307200,run,bail_not_graspable,0
py,table_640x480,inproc,640,480,307200,run,bail_ik_not_converged,0
py,table_848x480,inproc,848,480,407040,total,p50_ns,124224424.0
py,table_848x480,inproc,848,480,407040,total,p90_ns,133993488.0
py,table_848x480,inproc,848,480,407040,total,p95_ns,138225474.0
py,table_848x480,inproc,848,480,407040,total,p99_ns,158803811.0
py,table_848x480,inproc,848,480,407040,total,p99.9_ns,202329003.0
py,table_848x480,inproc,848,480,407040,total,max_ns,224091677.0
py,table_848x480,inproc,848,480,407040,total,mean_ns,126011847.7655
py,table_848x480,inproc,848,480,407040,total,samples,2000
py,table_848x480,inproc,848,480,407040,stage:decode,p50_ns,11257.0
py,table_848x480,inproc,848,480,407040,stage:decode,p90_ns,12562.0
py,table_848x480,inproc,848,480,407040,stage:decode,p95_ns,14466.0
py,table_848x480,inproc,848,480,407040,stage:decode,p99_ns,43869.0
py,table_848x480,inproc,848,480,407040,stage:decode,p99.9_ns,62538.0
py,table_848x480,inproc,848,480,407040,stage:decode,max_ns,67314.0
py,table_848x480,inproc,848,480,407040,stage:decode,mean_ns,12014.906
py,table_848x480,inproc,848,480,407040,stage:deproject,p50_ns,14671462.0
py,table_848x480,inproc,848,480,407040,stage:deproject,p90_ns,15545704.0
py,table_848x480,inproc,848,480,407040,stage:deproject,p95_ns,15939025.0
py,table_848x480,inproc,848,480,407040,stage:deproject,p99_ns,17514769.0
py,table_848x480,inproc,848,480,407040,stage:deproject,p99.9_ns,22602220.0
py,table_848x480,inproc,848,480,407040,stage:deproject,max_ns,36107134.0
py,table_848x480,inproc,848,480,407040,stage:deproject,mean_ns,14814513.866
py,table_848x480,inproc,848,480,407040,stage:transform_crop,p50_ns,15198187.0
py,table_848x480,inproc,848,480,407040,stage:transform_crop,p90_ns,16687031.0
py,table_848x480,inproc,848,480,407040,stage:transform_crop,p95_ns,17529946.0
py,table_848x480,inproc,848,480,407040,stage:transform_crop,p99_ns,22430341.0
py,table_848x480,inproc,848,480,407040,stage:transform_crop,p99.9_ns,58017975.0
py,table_848x480,inproc,848,480,407040,stage:transform_crop,max_ns,72351073.0
py,table_848x480,inproc,848,480,407040,stage:transform_crop,mean_ns,15599522.501
py,table_848x480,inproc,848,480,407040,stage:plane,p50_ns,91340784.0
py,table_848x480,inproc,848,480,407040,stage:plane,p90_ns,98478003.0
py,table_848x480,inproc,848,480,407040,stage:plane,p95_ns,102620311.0
py,table_848x480,inproc,848,480,407040,stage:plane,p99_ns,118225094.0
py,table_848x480,inproc,848,480,407040,stage:plane,p99.9_ns,167913031.0
py,table_848x480,inproc,848,480,407040,stage:plane,max_ns,191140827.0
py,table_848x480,inproc,848,480,407040,stage:plane,mean_ns,92744255.952
py,table_848x480,inproc,848,480,407040,stage:cluster,p50_ns,794460.0
py,table_848x480,inproc,848,480,407040,stage:cluster,p90_ns,1191726.0
py,table_848x480,inproc,848,480,407040,stage:cluster,p95_ns,1299198.0
py,table_848x480,inproc,848,480,407040,stage:cluster,p99_ns,1583152.0
py,table_848x480,inproc,848,480,407040,stage:cluster,p99.9_ns,1848932.0
py,table_848x480,inproc,848,480,407040,stage:cluster,max_ns,1941038.0
py,table_848x480,inproc,848,480,407040,stage:cluster,mean_ns,813860.625
py,table_848x480,inproc,848,480,407040,stage:grasp,p50_ns,552894.0
py,table_848x480,inproc,848,480,407040,stage:grasp,p90_ns,695207.0
py,table_848x480,inproc,848,480,407040,stage:grasp,p95_ns,734779.0
py,table_848x480,inproc,848,480,407040,stage:grasp,p99_ns,849444.0
py,table_848x480,inproc,848,480,407040,stage:grasp,p99.9_ns,1271601.0
py,table_848x480,inproc,848,480,407040,stage:grasp,max_ns,4050323.0
py,table_848x480,inproc,848,480,407040,stage:grasp,mean_ns,565071.662
py,table_848x480,inproc,848,480,407040,stage:ik,p50_ns,1246676.0
py,table_848x480,inproc,848,480,407040,stage:ik,p90_ns,1902532.0
py,table_848x480,inproc,848,480,407040,stage:ik,p95_ns,2260711.0
py,table_848x480,inproc,848,480,407040,stage:ik,p99_ns,4032945.0
py,table_848x480,inproc,848,480,407040,stage:ik,p99.9_ns,4266482.0
py,table_848x480,inproc,848,480,407040,stage:ik,max_ns,5625339.0
py,table_848x480,inproc,848,480,407040,stage:ik,mean_ns,1401942.707
py,table_848x480,inproc,848,480,407040,stage:traj,p50_ns,55850.0
py,table_848x480,inproc,848,480,407040,stage:traj,p90_ns,75063.0
py,table_848x480,inproc,848,480,407040,stage:traj,p95_ns,95784.0
py,table_848x480,inproc,848,480,407040,stage:traj,p99_ns,114491.0
py,table_848x480,inproc,848,480,407040,stage:traj,p99.9_ns,153071.0
py,table_848x480,inproc,848,480,407040,stage:traj,max_ns,206199.0
py,table_848x480,inproc,848,480,407040,stage:traj,mean_ns,60665.5465
py,table_848x480,inproc,848,480,407040,total,p99_ci_low_ns,151889362.0
py,table_848x480,inproc,848,480,407040,total,p99_ci_high_ns,165656635.0
py,table_848x480,inproc,848,480,407040,run,over_budget_fraction,1.0
py,table_848x480,inproc,848,480,407040,run,distinct_frames,100
py,table_848x480,inproc,848,480,407040,run,timer_overhead_ns,188
py,table_848x480,inproc,848,480,407040,run,ik_iterations_median,9.0
py,table_848x480,inproc,848,480,407040,run,bail_plane_not_found,0
py,table_848x480,inproc,848,480,407040,run,bail_not_graspable,0
py,table_848x480,inproc,848,480,407040,run,bail_ik_not_converged,0
py1t,table_640x480,inproc,640,480,307200,total,p50_ns,85753414.0
py1t,table_640x480,inproc,640,480,307200,total,p90_ns,89909740.0
py1t,table_640x480,inproc,640,480,307200,total,p95_ns,91762151.0
py1t,table_640x480,inproc,640,480,307200,total,p99_ns,98740667.0
py1t,table_640x480,inproc,640,480,307200,total,p99.9_ns,108857050.0
py1t,table_640x480,inproc,640,480,307200,total,max_ns,125313810.0
py1t,table_640x480,inproc,640,480,307200,total,mean_ns,86312328.0655
py1t,table_640x480,inproc,640,480,307200,total,samples,2000
py1t,table_640x480,inproc,640,480,307200,stage:decode,p50_ns,11027.0
py1t,table_640x480,inproc,640,480,307200,stage:decode,p90_ns,12280.0
py1t,table_640x480,inproc,640,480,307200,stage:decode,p95_ns,14372.0
py1t,table_640x480,inproc,640,480,307200,stage:decode,p99_ns,46560.0
py1t,table_640x480,inproc,640,480,307200,stage:decode,p99.9_ns,64837.0
py1t,table_640x480,inproc,640,480,307200,stage:decode,max_ns,83911.0
py1t,table_640x480,inproc,640,480,307200,stage:decode,mean_ns,11917.0065
py1t,table_640x480,inproc,640,480,307200,stage:deproject,p50_ns,10724629.0
py1t,table_640x480,inproc,640,480,307200,stage:deproject,p90_ns,11272920.0
py1t,table_640x480,inproc,640,480,307200,stage:deproject,p95_ns,11524244.0
py1t,table_640x480,inproc,640,480,307200,stage:deproject,p99_ns,12388720.0
py1t,table_640x480,inproc,640,480,307200,stage:deproject,p99.9_ns,14779666.0
py1t,table_640x480,inproc,640,480,307200,stage:deproject,max_ns,15083598.0
py1t,table_640x480,inproc,640,480,307200,stage:deproject,mean_ns,10796863.6895
py1t,table_640x480,inproc,640,480,307200,stage:transform_crop,p50_ns,11202070.0
py1t,table_640x480,inproc,640,480,307200,stage:transform_crop,p90_ns,11830731.0
py1t,table_640x480,inproc,640,480,307200,stage:transform_crop,p95_ns,12102494.0
py1t,table_640x480,inproc,640,480,307200,stage:transform_crop,p99_ns,13302654.0
py1t,table_640x480,inproc,640,480,307200,stage:transform_crop,p99.9_ns,15573439.0
py1t,table_640x480,inproc,640,480,307200,stage:transform_crop,max_ns,16086958.0
py1t,table_640x480,inproc,640,480,307200,stage:transform_crop,mean_ns,11306787.075
py1t,table_640x480,inproc,640,480,307200,stage:plane,p50_ns,61221300.0
py1t,table_640x480,inproc,640,480,307200,stage:plane,p90_ns,64479311.0
py1t,table_640x480,inproc,640,480,307200,stage:plane,p95_ns,65923048.0
py1t,table_640x480,inproc,640,480,307200,stage:plane,p99_ns,72236575.0
py1t,table_640x480,inproc,640,480,307200,stage:plane,p99.9_ns,79808046.0
py1t,table_640x480,inproc,640,480,307200,stage:plane,max_ns,99146774.0
py1t,table_640x480,inproc,640,480,307200,stage:plane,mean_ns,61635396.5015
py1t,table_640x480,inproc,640,480,307200,stage:cluster,p50_ns,596621.0
py1t,table_640x480,inproc,640,480,307200,stage:cluster,p90_ns,839595.0
py1t,table_640x480,inproc,640,480,307200,stage:cluster,p95_ns,899851.0
py1t,table_640x480,inproc,640,480,307200,stage:cluster,p99_ns,1044195.0
py1t,table_640x480,inproc,640,480,307200,stage:cluster,p99.9_ns,1187879.0
py1t,table_640x480,inproc,640,480,307200,stage:cluster,max_ns,1263848.0
py1t,table_640x480,inproc,640,480,307200,stage:cluster,mean_ns,603986.4125
py1t,table_640x480,inproc,640,480,307200,stage:grasp,p50_ns,464131.0
py1t,table_640x480,inproc,640,480,307200,stage:grasp,p90_ns,561210.0
py1t,table_640x480,inproc,640,480,307200,stage:grasp,p95_ns,588177.0
py1t,table_640x480,inproc,640,480,307200,stage:grasp,p99_ns,671566.0
py1t,table_640x480,inproc,640,480,307200,stage:grasp,p99.9_ns,783488.0
py1t,table_640x480,inproc,640,480,307200,stage:grasp,max_ns,946543.0
py1t,table_640x480,inproc,640,480,307200,stage:grasp,mean_ns,469309.349
py1t,table_640x480,inproc,640,480,307200,stage:ik,p50_ns,1273833.0
py1t,table_640x480,inproc,640,480,307200,stage:ik,p90_ns,1965630.0
py1t,table_640x480,inproc,640,480,307200,stage:ik,p95_ns,2244853.0
py1t,table_640x480,inproc,640,480,307200,stage:ik,p99_ns,4172025.0
py1t,table_640x480,inproc,640,480,307200,stage:ik,p99.9_ns,4638648.0
py1t,table_640x480,inproc,640,480,307200,stage:ik,max_ns,4979512.0
py1t,table_640x480,inproc,640,480,307200,stage:ik,mean_ns,1426940.4575
py1t,table_640x480,inproc,640,480,307200,stage:traj,p50_ns,56154.0
py1t,table_640x480,inproc,640,480,307200,stage:traj,p90_ns,75542.0
py1t,table_640x480,inproc,640,480,307200,stage:traj,p95_ns,95599.0
py1t,table_640x480,inproc,640,480,307200,stage:traj,p99_ns,118111.0
py1t,table_640x480,inproc,640,480,307200,stage:traj,p99.9_ns,145756.0
py1t,table_640x480,inproc,640,480,307200,stage:traj,max_ns,156108.0
py1t,table_640x480,inproc,640,480,307200,stage:traj,mean_ns,61127.574
py1t,table_640x480,inproc,640,480,307200,total,p99_ci_low_ns,96340862.0
py1t,table_640x480,inproc,640,480,307200,total,p99_ci_high_ns,101232319.0
py1t,table_640x480,inproc,640,480,307200,run,over_budget_fraction,1.0
py1t,table_640x480,inproc,640,480,307200,run,distinct_frames,100
py1t,table_640x480,inproc,640,480,307200,run,timer_overhead_ns,183
py1t,table_640x480,inproc,640,480,307200,run,ik_iterations_median,9.0
py1t,table_640x480,inproc,640,480,307200,run,bail_plane_not_found,0
py1t,table_640x480,inproc,640,480,307200,run,bail_not_graspable,0
py1t,table_640x480,inproc,640,480,307200,run,bail_ik_not_converged,0
